{
  "total_us": 1838772.4850617815,
  "domains": {
    "D01: ODE Integration (RK4)": 182491.84402520768,
    "D02: Gillespie SSA (100 reps)": 897387.3849899974,
    "D03: HMM (Forward + Viterbi)": 31.29499964416027,
    "D04: Smith-Waterman (40bp)": 4897.6640100590885,
    "D05: Felsenstein (20bp, 3 taxa)": 171.38698603957891,
    "D06: Diversity (Shannon+Simpson)": 9.067007340490818,
    "D07: Signal Processing": 22.710009943693876,
    "D08: Cooperation ODE (100h)": 290381.2820150051,
    "D09: Robinson-Foulds (4 taxa)": 15.789002645760775,
    "D10: Multi-Signal QS (48h)": 241759.88900242373,
    "D11: Phage Defense (48h)": 220811.77699146792,
    "D12: Bootstrap (100 reps, 8bp)": 479.7220171894878,
    "D13: Placement (3 taxa, 12bp)": 12.067990610376,
    "D14: Decision Tree (4 samples)": 3.156019374728203,
    "D15: Spectral Match (5 peaks)": 19.166996935382485,
    "D16: Extended Diversity": 11.508003808557987,
    "D17: K-mer Counting (16bp, k=4)": 24.762004613876343,
    "D18: Integrated Pipeline": 8.86802445165813,
    "D19: ANI (3 seqs, 50bp)": 22.841995814815164,
    "D20: SNP Calling (4 seqs, 50bp)": 55.37699325941503,
    "D21: dN/dS (10 codons)": 131.62801042199135,
    "D22: Molecular Clock (7 nodes)": 10.231975466012955,
    "D23: Pangenome (7 genes)": 13.065990060567856
  }
}