{
  "total_us": 1713242.3159200698,
  "domains": {
    "D01: ODE Integration (RK4)": 185042.55899460986,
    "D02: Gillespie SSA (100 reps)": 829694.4089815952,
    "D03: HMM (Forward + Viterbi)": 31.859992304816842,
    "D04: Smith-Waterman (40bp)": 4901.688982499763,
    "D05: Felsenstein (20bp, 3 taxa)": 176.02398293092847,
    "D06: Diversity (Shannon+Simpson)": 8.065981091931462,
    "D07: Signal Processing": 25.17297980375588,
    "D08: Cooperation ODE (100h)": 281355.4460008163,
    "D09: Robinson-Foulds (4 taxa)": 18.565013306215405,
    "D10: Multi-Signal QS (48h)": 238487.63600108214,
    "D11: Phage Defense (48h)": 172884.12200286984,
    "D12: Bootstrap (100 reps, 8bp)": 369.5150080602616,
    "D13: Placement (3 taxa, 12bp)": 9.969982784241438,
    "D14: Decision Tree (4 samples)": 2.1439918782562017,
    "D15: Spectral Match (5 peaks)": 17.077982192859054,
    "D16: Extended Diversity": 11.369003914296627,
    "D17: K-mer Counting (16bp, k=4)": 20.845007384195924,
    "D18: Integrated Pipeline": 8.66298796609044,
    "D19: ANI (3 seqs, 50bp)": 21.670013666152954,
    "D20: SNP Calling (4 seqs, 50bp)": 54.87998714670539,
    "D21: dN/dS (10 codons)": 82.06599159166217,
    "D22: Molecular Clock (7 nodes)": 6.872025551274419,
    "D23: Pangenome (7 genes)": 11.695025023072958
  }
}