{
  "metadata": {
    "timestamp": "2026-03-10T18:59:39Z",
    "platform": "Linux-6.17.9-76061709-generic-x86_64-with-glibc2.35",
    "python_version": "3.10.12",
    "numpy_version": "2.1.3",
    "scipy_version": "1.15.3",
    "command": "scripts/python_anaerobic_biogas_baseline.py"
  },
  "gompertz": {
    "case1_yang_manure": {
      "P": 350,
      "Rm": 25,
      "lambda": 3,
      "t": [
        0,
        5,
        10,
        15,
        20,
        30,
        40,
        50
      ],
      "H": [
        2.6935997232865607,
        55.39106217882008,
        174.1047634947809,
        268.65934914617327,
        316.6355917102772,
        345.0054137779051,
        349.2790087407241,
        349.8964680678448
      ]
    },
    "case2_corn_stover": {
      "P": 280,
      "Rm": 18,
      "lambda": 5,
      "t": [
        0,
        5,
        10,
        15,
        20,
        30,
        40,
        50
      ],
      "H": [
        0.4157065117866221,
        18.476650036687513,
        90.03559083184723,
        174.37793379657685,
        229.78137335409218,
        270.5221828048735,
        278.3252608804821,
        279.7075126692328
      ]
    }
  },
  "first_order": {
    "B_max": 320,
    "k": 0.08,
    "t": [
      0,
      5,
      10,
      15,
      20,
      30,
      40,
      50
    ],
    "B": [
      0.0,
      105.49758526859542,
      176.2147314824891,
      223.6178521880953,
      255.3931142417103,
      290.970254947388,
      306.95609472692286,
      314.13899555560505
    ]
  },
  "monod": {
    "mu_max": 0.4,
    "Ks": 200,
    "S": [
      0,
      50,
      100,
      200,
      500,
      1000,
      5000
    ],
    "mu": [
      0.0,
      0.08,
      0.13333333333333333,
      0.2,
      0.2857142857142857,
      0.3333333333333333,
      0.38461538461538464
    ]
  },
  "haldane": {
    "mu_max": 0.4,
    "Ks": 200,
    "Ki": 3000,
    "S_opt": 774.5966692414834,
    "S_opt_numerical": 774.5966986672331,
    "S": [
      0,
      50,
      100,
      200,
      500,
      1000,
      5000
    ],
    "mu": [
      0.0,
      0.07973421926910298,
      0.13186813186813187,
      0.19354838709677422,
      0.2553191489361702,
      0.2608695652173913,
      0.14778325123152708
    ]
  },
  "diversity": {
    "aerobic": {
      "counts": [
        35,
        22,
        16,
        12,
        8,
        5,
        3,
        2,
        1,
        0.5
      ],
      "shannon": 1.8201086502397137,
      "simpson": 0.7974176415375105,
      "pielou": 0.7904631432634833
    },
    "anaerobic": {
      "counts": [
        45,
        25,
        15,
        8,
        3,
        2,
        1,
        0.5,
        0.3,
        0.2
      ],
      "shannon": 1.4783654737440826,
      "simpson": 0.704662,
      "pielou": 0.6420459674833418
    },
    "bray_curtis": 0.1491442542787286
  },
  "anderson_w": {
    "W_max": 20,
    "W_aerobic": 4.190737134730334,
    "W_anaerobic": 7.1590806503331645,
    "W_anaerobic_gt_W_aerobic": true
  }
}