{
  "experiment": "Exp037",
  "description": "HMM discordance detection on PhyNetPy consecutive gene trees",
  "n_trees": 200,
  "n_observations": 199,
  "median_rf": 18,
  "rf_distribution": {
    "4": 1,
    "6": 4,
    "8": 10,
    "10": 19,
    "12": 31,
    "14": 19,
    "16": 13,
    "18": 6,
    "20": 4,
    "22": 5,
    "24": 5,
    "26": 11,
    "28": 13,
    "30": 14,
    "32": 19,
    "34": 13,
    "36": 7,
    "38": 5
  },
  "hmm_params": {
    "n_states": 2,
    "switch_prob": 0.1,
    "log_likelihood": -72.20140798278359,
    "emission": {
      "concordant_low": 0.8,
      "concordant_high": 0.2,
      "discordant_low": 0.2,
      "discordant_high": 0.8
    }
  },
  "viterbi_results": {
    "n_concordant": 99,
    "n_discordant": 100,
    "fraction_discordant": 0.5025125628140703
  },
  "first_20_rf": [
    38,
    26,
    30,
    34,
    28,
    34,
    32,
    30,
    28,
    34,
    30,
    26,
    18,
    24,
    34,
    36,
    32,
    38,
    20,
    22
  ],
  "first_20_binary": [
    1,
    1,
    1,
    1,
    1,
    1,
    1,
    1,
    1,
    1,
    1,
    1,
    0,
    1,
    1,
    1,
    1,
    1,
    1,
    1
  ],
  "first_20_viterbi": [
    1,
    1,
    1,
    1,
    1,
    1,
    1,
    1,
    1,
    1,
    1,
    1,
    1,
    1,
    1,
    1,
    1,
    1,
    1,
    1
  ]
}