{
  "original_ll": -29.262869751103025,
  "n_replicates": 100,
  "mean_ll": -29.360492956929402,
  "min_ll": -37.274128021903195,
  "max_ll": -24.434856123240834,
  "std_ll": 3.193870903176323
}