{
  "wild_type": {
    "N": 0.9749979494349533,
    "CAI1": 2.9249728771500787,
    "AI2": 2.9249728771500787,
    "LuxOP": 0.8185929916257252,
    "HapR": 0.5432624354197633,
    "CdG": 0.5994839299910032,
    "B": 0.41319977411232034
  },
  "cai1_only": {
    "N": 0.9749979494656835,
    "CAI1": 2.924972878829357,
    "AI2": 0.0,
    "LuxOP": 1.359057590241327,
    "HapR": 0.23834916171076018,
    "CdG": 1.2680049511838634,
    "B": 0.6760051380929942
  },
  "ai2_only": {
    "N": 0.9749979494656835,
    "CAI1": 0.0,
    "AI2": 2.924972878829357,
    "LuxOP": 1.359057590241327,
    "HapR": 0.23834916171076018,
    "CdG": 1.2680049511838634,
    "B": 0.6760051380929942
  },
  "no_qs": {
    "N": 0.9749979490892334,
    "CAI1": 0.0,
    "AI2": 0.0,
    "LuxOP": 3.999976238028871,
    "HapR": 0.030773338767660217,
    "CdG": 2.264224526479765,
    "B": 0.7765300357285544
  },
  "exogenous_cai1": {
    "N": 0.9749979496542319,
    "CAI1": 2.9249728795035637,
    "AI2": 2.9249728787167326,
    "LuxOP": 0.8185929914454156,
    "HapR": 0.54327972756102,
    "CdG": 0.5994490106877651,
    "B": 0.4125935315001756
  }
}