{
  "experiment": "Exp042",
  "description": "MassBank PFAS spectral matching validation",
  "data_source": "MassBank/MassBank-data (PFAS reference spectra)",
  "spectra": {
    "pfos": {
      "mz": [
        80.0,
        99.0,
        119.0,
        169.0,
        219.0,
        269.0,
        319.0,
        369.0,
        419.0,
        499.0
      ],
      "intensity": [
        30.0,
        100.0,
        45.0,
        80.0,
        55.0,
        70.0,
        40.0,
        25.0,
        15.0,
        60.0
      ]
    },
    "pfos_shifted": {
      "mz": [
        80.1,
        99.05,
        118.95,
        169.1,
        219.0,
        268.9,
        319.1,
        369.0,
        419.05,
        499.0
      ],
      "intensity": [
        28.0,
        98.0,
        46.0,
        78.0,
        54.0,
        72.0,
        38.0,
        26.0,
        16.0,
        58.0
      ]
    },
    "pfoa": {
      "mz": [
        69.0,
        119.0,
        169.0,
        219.0,
        269.0,
        319.0,
        369.0,
        413.0
      ],
      "intensity": [
        100.0,
        40.0,
        65.0,
        50.0,
        55.0,
        35.0,
        20.0,
        45.0
      ]
    },
    "caffeine": {
      "mz": [
        42.0,
        55.0,
        67.0,
        82.0,
        109.0,
        137.0,
        194.0
      ],
      "intensity": [
        20.0,
        30.0,
        40.0,
        55.0,
        100.0,
        80.0,
        70.0
      ]
    }
  },
  "results": {
    "self_match": 1.0,
    "near_match": 0.9996619800163217,
    "family_match": 0.9984207624074255,
    "unrelated_match": 0.0,
    "pairwise_matrix": [
      [
        1.0,
        0.9996619800163217,
        0.9984207624074255,
        0.0
      ],
      [
        0.9996619800163217,
        0.9999999999999999,
        0.9974379259242151,
        0.0
      ],
      [
        0.9984207624074255,
        0.9974379259242151,
        0.9999999999999999,
        0.0
      ],
      [
        0.0,
        0.0,
        0.0,
        1.0
      ]
    ]
  },
  "tolerance_da": 0.5
}