{
  "normal": {
    "N": 0.974999999999967,
    "CdG": 3.8999999778277523,
    "VpsR": 0.7662498207791627,
    "B": 0.6714128727037014,
    "M": 0.3185691798204019,
    "R": 0.4391008559726179
  },
  "stress": {
    "N": 0.9750000000001919,
    "CdG": 11.699999921709784,
    "VpsR": 0.769119950016074,
    "B": 0.6722371637615976,
    "M": 0.3158932228430942,
    "R": 0.4409432990362216
  },
  "low_cdg": {
    "N": 0.9749999999779144,
    "CdG": 0.5849999962242263,
    "VpsR": 0.35733551490692894,
    "B": 0.4879393236072119,
    "M": 0.5624263330740242,
    "R": 0.14547606933417823
  },
  "vpsr_ko": {
    "N": 0.9750000000006264,
    "CdG": 3.899999974368974,
    "VpsR": 0.0,
    "B": 0.0,
    "M": 0.6666666666666313,
    "R": 0.0
  }
}