{
  "identical": {
    "log_likelihood": -8.14495204108028,
    "site_log_likelihoods": [
      -2.03623801027007,
      -2.03623801027007,
      -2.0362380102700706,
      -2.0362380102700706
    ],
    "n_sites": 4
  },
  "different": {
    "log_likelihood": -25.05390762851704,
    "site_log_likelihoods": [
      -6.26347690712926,
      -6.26347690712926,
      -6.26347690712926,
      -6.26347690712926
    ],
    "n_sites": 4
  },
  "16s": {
    "log_likelihood": -40.88116902759925,
    "site_log_likelihoods": [
      -1.724395132899091,
      -1.724395132899091,
      -1.724395132899091,
      -1.724395132899091,
      -1.724395132899091,
      -1.724395132899091,
      -5.713413379154645,
      -1.724395132899091,
      -1.724395132899091,
      -1.724395132899091,
      -4.128643256260973,
      -1.724395132899091,
      -1.724395132899091,
      -1.724395132899091,
      -1.724395132899091,
      -1.724395132899091,
      -1.724395132899091,
      -1.724395132899091,
      -1.724395132899091,
      -1.724395132899091
    ],
    "n_sites": 20
  }
}