{
  "no_phage": {
    "Bd": 102698.30760674164,
    "Bu": 102727.60665103802,
    "P": 0.0,
    "R": 5.2883493679416786e-05
  },
  "phage_attack": {
    "Bd": 277.86820303155673,
    "Bu": 1.9127380539444118e-28,
    "P": 1073488.2880593175,
    "R": 0.04624899877029103
  },
  "pure_defended": {
    "Bd": 95868.73558227123,
    "Bu": 0.0,
    "P": 124208.58480908307,
    "R": 0.00012336214046271206
  },
  "pure_undefended": {
    "Bd": 0.0,
    "Bu": 183.66493879785088,
    "P": 569964.9768823945,
    "R": 0.061061795739546045
  },
  "high_cost": {
    "Bd": 277.7733514710103,
    "Bu": 8.78332295487463e-28,
    "P": 1073487.38902905,
    "R": 0.08406990033287713
  }
}