{
  "equal_start": {
    "Nc_ss": 0.3702541309844946,
    "Nd_ss": 0.6105258656977012,
    "AI_ss": 1.8534864017499448,
    "B_ss": 0.7565501924248879,
    "coop_freq": 0.3764265226062119,
    "total_N": 0.9807799966821957
  },
  "coop_dominated": {
    "Nc_ss": 0.849271719805128,
    "Nd_ss": 0.1308450394866745,
    "AI_ss": 4.247482329336033,
    "B_ss": 0.7667797473329592,
    "coop_freq": 0.8659480252066227,
    "total_N": 0.9801167592918024
  },
  "cheat_dominated": {
    "Nc_ss": 0.07193967439541953,
    "Nd_ss": 0.90675267833732,
    "AI_ss": 0.36041070618999904,
    "B_ss": 0.5336572526136685,
    "coop_freq": 0.07315818738309819,
    "total_N": 0.9786923527327395
  },
  "pure_coop": {
    "Nc_ss": 0.979867738963007,
    "Nd_ss": 0.0,
    "AI_ss": 4.899338695114954,
    "B_ss": 0.7673863609653341,
    "coop_freq": 1.0,
    "total_N": 0.979867738963007
  },
  "pure_cheat": {
    "Nc_ss": 0.0,
    "Nd_ss": 0.9789473684980146,
    "AI_ss": 0.0,
    "B_ss": 0.0,
    "coop_freq": 0.0,
    "total_N": 0.9789473684980146
  }
}