{
  "experiment": "Exp038",
  "description": "SATe-style NJ + SW + Felsenstein pipeline benchmark",
  "cases": {
    "case_5taxa": {
      "n_taxa": 5,
      "seq_len": 200,
      "nj_newick": "((t0:0.013728,t4:0.117037):0.0010320903648809165,(t3:0.080130,(t1:0.032241,t2:0.030295):0.004638):0.0010320903648809165);",
      "distance_matrix": [
        -0.0,
        0.051744653615213576,
        0.051744653615213576,
        0.09587502863241366,
        0.13076504035858336,
        0.051744653615213576,
        -0.0,
        0.06253620670428826,
        0.118953772632479,
        0.15496068702224935,
        0.051744653615213576,
        0.06253620670428826,
        -0.0,
        0.11311716730093774,
        0.15496068702224935,
        0.09587502863241366,
        0.118953772632479,
        0.11311716730093774,
        -0.0,
        0.19927737429975423,
        0.13076504035858336,
        0.15496068702224935,
        0.15496068702224935,
        0.19927737429975423,
        -0.0
      ],
      "sw_pairwise_scores": [
        370,
        370,
        347,
        328,
        364,
        335,
        319,
        338,
        316,
        299
      ],
      "n_distances": 25
    },
    "case_8taxa": {
      "n_taxa": 8,
      "seq_len": 300,
      "nj_newick": "((t2:0.041529,t4:0.089236):0.0010062777937552394,((t1:0.035254,t3:0.060621):0.005081,((t5:0.119709,t7:0.204661):0.009305,(t0:0.009398,t6:0.153805):0.003733):0.002735):0.0010062777937552394);",
      "distance_matrix": [
        -0.0,
        0.055324612679706855,
        0.055324612679706855,
        0.08087452860241151,
        0.11118168235581899,
        0.14276529636841417,
        0.16320252820394582,
        0.2280844603859076,
        0.055324612679706855,
        -0.0,
        0.0845966206090083,
        0.09587502863241366,
        0.1268072475329505,
        0.17573763893425126,
        0.20582763427632023,
        0.255694940227945,
        0.055324612679706855,
        0.0845966206090083,
        -0.0,
        0.11118168235581899,
        0.13076504035858336,
        0.17153594727274885,
        0.2014544440432253,
        0.2651290268830899,
        0.08087452860241151,
        0.09587502863241366,
        0.11118168235581899,
        -0.0,
        0.1590702863457186,
        0.1971066057799809,
        0.2280844603859076,
        0.2746832962161623,
        0.11118168235581899,
        0.1268072475329505,
        0.13076504035858336,
        0.1590702863457186,
        -0.0,
        0.22357994234074877,
        0.2510220279149679,
        0.3091155721942207,
        0.14276529636841417,
        0.17573763893425126,
        0.17153594727274885,
        0.1971066057799809,
        0.22357994234074877,
        -0.0,
        0.28436084984309323,
        0.32437033537206283,
        0.16320252820394582,
        0.20582763427632023,
        0.2014544440432253,
        0.2280844603859076,
        0.2510220279149679,
        0.28436084984309323,
        -0.0,
        0.3720896072822215,
        0.2280844603859076,
        0.255694940227945,
        0.2651290268830899,
        0.2746832962161623,
        0.3091155721942207,
        0.32437033537206283,
        0.3720896072822215,
        -0.0
      ],
      "sw_pairwise_scores": [
        553,
        552,
        534,
        507,
        483,
        468,
        423,
        529,
        520,
        496,
        460,
        439,
        407,
        507,
        492,
        462,
        441,
        399,
        471,
        444,
        423,
        393,
        426,
        408,
        372,
        387,
        363,
        336
      ],
      "n_distances": 64
    },
    "case_12taxa": {
      "n_taxa": 12,
      "seq_len": 500,
      "nj_newick": "((t0:0.012632,(t10:0.204703,t6:0.130013):0.004591):0.00047845120159910716,((t2:0.041661,t9:0.177441):0.002511,((t4:0.075538,t7:0.151643):0.006798,((t1:0.033192,t11:0.250195):0.005084,(t3:0.078794,(t5:0.088671,t8:0.171726):0.001916):0.004980):0.000976):0.001447):0.00047845120159910716);",