{
  "weather_2state": {
    "log_likelihood": -5.758240012089921,
    "viterbi_path": [
      1,
      0,
      0,
      1,
      1
    ],
    "viterbi_log_prob": -7.7391168000709865,
    "posterior_state0": [
      0.22803122690598773,
      0.6050615992384871,
      0.8012842931825714,
      0.2597051873523122,
      0.5449076847749067
    ],
    "posterior_state1": [
      0.7719687730940122,
      0.394938400761513,
      0.19871570681742862,
      0.7402948126476876,
      0.45509231522509375
    ]
  },
  "genomic_3state": {
    "log_likelihood": -5.01748302398344,
    "viterbi_path": [
      0,
      1,
      0,
      0,
      1,
      1,
      0
    ],
    "viterbi_log_prob": -9.202600799882006,
    "posterior": [
      [
        0.5044572634103287,
        0.1577023698940542,
        0.33784036669561707
      ],
      [
        0.11888843530041478,
        0.4692432330032218,
        0.4118683316963633
      ],
      [
        0.5133441366335009,
        0.12305211948700541,
        0.3636037438794935
      ],
      [
        0.563428577461721,
        0.1449949589617027,
        0.29157646357657646
      ],
      [
        0.0748803422710097,
        0.6014854812717114,
        0.32363417645727866
      ],
      [
        0.06547875576562744,
        0.524521351143859,
        0.40999989309051343
      ],
      [
        0.4655495972609081,
        0.1577079495716578,
        0.376742453167434
      ]
    ]
  }
}