{
  "close_to_sp1": {
    "best_edge": 2,
    "best_ll": -29.977219041460447,
    "n_edges": 5,
    "all_lls": [
      -30.913014065217595,
      -30.171007984008003,
      -29.977219041460447,
      -32.30296518753138,
      -33.347480256635585
    ]
  },
  "close_to_sp3": {
    "best_edge": 4,
    "best_ll": -29.9767825127909,
    "n_edges": 5,
    "all_lls": [
      -31.30940854205654,
      -33.37097466428096,
      -34.01315990573543,
      -36.33890605180635,
      -29.9767825127909
    ]
  },
  "divergent": {
    "best_edge": 0,
    "best_ll": -62.89457477165401,
    "n_edges": 5,
    "all_lls": [
      -62.89457477165401,
      -66.40749688666413,
      -66.60269310906837,
      -68.9284392551393,
      -69.70120890174282
    ]
  }
}