{
  "Macro (100-150 \u00b5m)": {
    "size_um": 125.0,
    "richness": 200,
    "evenness": 0.8,
    "mean_shannon": 5.297735193853188,
    "mean_simpson": 0.9949941786160799,
    "rep_shannons": [
      5.297695289436783,
      5.297746853564381,
      5.297763438558399
    ],
    "rep_simpsons": [
      0.9949937747727733,
      0.9949943032161145,
      0.9949944578593519
    ],
    "anderson_w": 4.166666666666666,
    "qs_probability": 0.9999803120178185
  },
  "Meso (30-100 \u00b5m)": {
    "size_um": 65.0,
    "richness": 150,
    "evenness": 0.7,
    "mean_shannon": 5.009148954616973,
    "mean_simpson": 0.9933135264660474,
    "rep_shannons": [
      5.009130367399533,
      5.009362942981492,
      5.008953553469892
    ],
    "rep_simpsons": [
      0.9933133131775499,
      0.9933163492227335,
      0.9933109169978592
    ],
    "anderson_w": 14.166666666666666,
    "qs_probability": 0.7816499846386212
  },
  "Micro (10-30 \u00b5m)": {
    "size_um": 20.0,
    "richness": 80,
    "evenness": 0.5,
    "mean_shannon": 4.376001042250584,
    "mean_simpson": 0.9873496697907526,
    "rep_shannons": [
      4.376192196663739,
      4.37566315194174,
      4.376147778146272
    ],
    "rep_simpsons": [
      0.9873545396672412,
      0.9873403192665344,
      0.9873541504384818
    ],
    "anderson_w": 21.666666666666668,
    "qs_probability": 0.042514635390439925
  },
  "Nano (4-10 \u00b5m)": {
    "size_um": 7.0,
    "richness": 30,
    "evenness": 0.3,
    "mean_shannon": 3.380230128381379,
    "mean_simpson": 0.9653003554050232,
    "rep_shannons": [
      3.3799838310149086,
      3.381373003122298,
      3.3793335510069293
    ],
    "rep_simpsons": [
      0.965288530784595,
      0.9653977437034128,
      0.965214791727062
    ],
    "anderson_w": 23.833333333333336,
    "qs_probability": 0.00725377112486781
  },
  "diversity_ordering": {
    "macro_gt_meso": true,
    "meso_gt_micro": true,
    "micro_gt_nano": true,
    "macro_nano_ratio": 1.5672705681698675
  },
  "beta_diversity": {
    "mean_within": 0.061646773865079156,
    "mean_between": 0.5982544325757516,
    "ratio": 9.704553783870315
  },
  "math_verification": {
    "norm_cdf_0": 0.5,
    "shannon_uniform_4": 1.3862943611198906,
    "simpson_uniform_4": 0.75
  }
}