{
  "zero_feedback": {
    "N_ss": 0.9749999999999074,
    "A_ss": 4.874999999997978,
    "H_ss": 1.9791802179461122,
    "C_ss": 0.45401003687667923,
    "B_ss": 0.040188332058011804
  },
  "default_motile": {
    "N_ss": 0.9750000000001705,
    "B_ss": 0.7452048072434762,
    "C_ss": 1.634342842141691
  },
  "default_sessile": {
    "N_ss": 0.9749999999972931,
    "B_ss": 0.7452048101012153,
    "C_ss": 1.6343428468985934
  },
  "strong_feedback": {
    "N_ss": 0.9749999999995521,
    "B_ss": 0.8305045305974255,
    "C_ss": 3.967238239202211
  },
  "bifurcation": {
    "alphas": [
      0.0,
      0.2,
      0.4,
      0.6000000000000001,
      0.8,
      1.0,
      1.2000000000000002,
      1.4000000000000001,
      1.6,
      1.8,
      2.0,
      2.2,
      2.4000000000000004,
      2.6,
      2.8000000000000003,
      3.0,
      3.2,
      3.4000000000000004,
      3.6,
      3.8000000000000003,
      4.0,
      4.2,
      4.4,
      4.6000000000000005,
      4.800000000000001,
      5.0,
      5.2,
      5.4,
      5.6000000000000005,
      5.800000000000001,
      6.0,
      6.2,
      6.4,
      6.6000000000000005,
      6.800000000000001,
      7.0,
      7.2,
      7.4,
      7.6000000000000005,
      7.800000000000001,
      8.0,
      8.200000000000001,
      8.4,
      8.6,
      8.8,
      9.0,
      9.200000000000001,
      9.4,
      9.600000000000001,
      9.8,
      10.0
    ],
    "b_forward": [
      0.039950710080813905,
      0.039951989183463814,
      0.03995272569160939,
      0.039953462147619766,
      0.039954198721521034,
      0.03995493532257457,
      0.03995567222331661,
      0.039956409151343186,
      0.03995714619745482,
      0.03995788336171733,
      0.03995862064417011,
      0.03995935804485269,
      0.03996009556380478,
      0.039960833110954996,
      0.03996157095664711,
      0.0399623088306702,
      0.03996304673325825,
      0.03996378493395724,
      0.03996452316338044,
      0.03996526151132281,
      0.03996599988838156,
      0.03996673856297639,
      0.03996747726682064,
      0.039968216000148944,
      0.039968955030581614,
      0.03996969400164812,
      0.03997043326950409,
      0.03997117256726726,
      0.03997191198390631,
      0.03997265151948817,
      0.03997339117405274,
      0.03997413094763953,
      0.03997487084028863,
      0.0399756108520397,
      0.03997635098293269,
      0.039977091144918125,
      0.03997783160227753,
      0.03997857209086277,
      0.039979312698722874,
      0.039980053425924755,
      0.039980794184880014,
      0.03998153523848682,
      0.03998227632398108,
      0.03998301744159834,
      0.039983758853433846,
      0.03998450029755381,
      0.039985241861268894,
      0.039985983457664666,
      0.039986725260816834,
      0.03998746727052266,
      0.03998820931315518
    ],
    "b_backward": [
      0.039951253236354824,
      0.03995198945704836,
      0.039952725886641595,
      0.03995346234300851,
      0.03995419891730901,
      0.039954935518841495,
      0.03995567232928116,
      0.03995640925779343,
      0.03995714630441761,
      0.03995788346921913,
      0.03995862084187788,
      0.03995935665407767,
      0.03996149471263717,
      0.0705147124525323,
      0.7134465851494202,
      0.7452047138023713,
      0.7646333873760682,
      0.778217528434639,
      0.7882758556901354,
      0.7959789565058251,
      0.8020162395012702,
      0.8068307579782584,
      0.8107236229531517,
      0.8139076080692463,
      0.8165374718927513,
      0.8187283344073698,
      0.8205673987558308,
      0.8221217273495133,
      0.8234435628011542,
      0.8245740614496944,
      0.825545968239269,
      0.8263855671476861,
      0.827114125138442,
      0.8277489753726024,
      0.8283043393990454,
      0.828791957796738,
      0.8292215784774114,
      0.8296013380602734,
      0.8299380620850864,
      0.8302375030739272,
      0.8305045305481742,
      0.8307432837159383,
      0.8309572948099215,
      0.831149589340224,
      0.8313227679458134,
      0.8314790735874188,
      0.8316204469361558,
      0.8317485722659018,
      0.8318649155968629,
      0.8319707565513055,
      0.8320672150483268
    ],
    "hysteresis_width": 7.199999999999999
  }
}